email,firstName,lastName
alex.kumar.default@gmail.com,Alex,Kumar
priya.sharma.default@gmail.com,Priya,Sharma
rahul.verma.default@gmail.com,Rahul,Verma
anjali.patel.default@gmail.com,Anjali,Patel
vikram.singh.default@gmail.com,Vikram,Singh
kavita.reddy.default@gmail.com,Kavita,Reddy
amit.gupta.default@gmail.com,Amit,Gupta
neha.joshi.default@gmail.com,Neha,Joshi
sandeep.rao.default@gmail.com,Sandeep,Rao
pooja.mehta.default@gmail.com,Pooja,Mehta
rajesh.nair.default@gmail.com,Rajesh,Nair
deepika.iyer.default@gmail.com,Deepika,Iyer
arjun.desai.default@gmail.com,Arjun,Desai
sneha.pillai.default@gmail.com,Sneha,Pillai
karthik.menon.default@gmail.com,Karthik,Menon
divya.krishnan.default@gmail.com,Divya,Krishnan
anil.bhat.default@gmail.com,Anil,Bhat
ritu.das.default@gmail.com,Ritu,Das
manish.agarwal.default@gmail.com,Manish,Agarwal
swati.bansal.default@gmail.com,Swati,Bansal
